firstName,middleName,lastName,email,ContactCategory__c,aesrCuotaSocio__c,aesrFechaAlta__c
Brice,Murry,Newtown,mnewtown0@uol.com.br,a1mAW000001YXnNYAW,127,7/25/2022
Lexie,Emmey,Beeho,ebeeho1@accuweather.com,a1mAW000001YXnNYAW,119,7/24/2022
Adina,Susy,Fursey,sfursey2@google.co.uk,a1mAW000001YXk9YAG,21,6/19/2021
Maren,Ailina,Castleman,acastleman3@mtv.com,a1mAW000001YXiXYAW,96,11/30/2020
Matty,Justin,Bouchard,jbouchard4@freewebs.com,a1mAW000001YXllYAG,168,9/14/2020
Miltie,Shea,Muzzollo,smuzzollo5@t-online.de,a1mAW000001YXnNYAW,8,5/18/2021
Marigold,Tiffany,Colton,tcolton6@discovery.com,a1mAW000001YXnNYAW,122,10/18/2019
Gun,Joana,Mollene,jmollene7@dyndns.org,a1mAW000001YXk9YAG,5,4/5/2019
Nertie,Di,Brooks,dbrooks8@slashdot.org,a1mAW000001YXiXYAW,132,5/1/2021
Ker,Elsi,Domm,edomm9@wisc.edu,a1mAW000001YXiXYAW,177,11/18/2021
Appolonia,Drusie,Quilliam,dquilliama@sohu.com,a1mAW000001YXk9YAG,84,12/27/2019
Eugine,Nanny,Giff,ngiffb@boston.com,a1mAW000001YXnNYAW,80,4/25/2022
Bernardina,Fifine,Tussaine,ftussainec@cisco.com,a1mAW000001YXllYAG,128,5/2/2022
Dare,Lyssa,Chooter,lchooterd@sciencedaily.com,a1mAW000001YXiXYAW,188,8/1/2021
Remy,Archibald,Mart,amarte@comcast.net,a1mAW000001YXk9YAG,155,5/9/2022
Shaine,Burl,Tommen,btommenf@nps.gov,a1mAW000001YXiXYAW,129,12/27/2019
Judd,Whitaker,Pagram,wpagramg@vk.com,a1mAW000001YXiXYAW,106,5/5/2020
Monah,Urbano,Ewbanks,uewbanksh@list-manage.com,a1mAW000001YXk9YAG,81,9/12/2020
Carolyne,Phillie,Jukubczak,pjukubczaki@youtube.com,a1mAW000001YXllYAG,35,1/29/2022
Derwin,Iggy,Dytham,idythamj@soup.io,a1mAW000001YXnNYAW,196,7/16/2020
Sheilah,Ashli,Haddow,ahaddowk@arstechnica.com,a1mAW000001YXiXYAW,61,7/20/2022
Elvera,Carley,Chippindall,cchippindalll@w3.org,a1mAW000001YXk9YAG,10,1/9/2019
Rivalee,Aggi,Dangl,adanglm@rediff.com,a1mAW000001YXllYAG,174,9/28/2021
Jodie,Hayyim,Traite,htraiten@forbes.com,a1mAW000001YXk9YAG,186,4/4/2023
Caterina,Fedora,Lafford,flaffordo@printfriendly.com,a1mAW000001YXnNYAW,145,2/8/2020
Isaac,Dana,Zorzi,dzorzip@netlog.com,a1mAW000001YXiXYAW,29,3/2/2020
Belicia,Allie,Jupp,ajuppq@va.gov,a1mAW000001YXk9YAG,30,1/29/2021
Hube,Gwennie,Blanchard,gblanchardr@prnewswire.com,a1mAW000001YXllYAG,167,2/5/2023
Inglis,Pennie,Endley,pendleys@ihg.com,a1mAW000001YXllYAG,32,2/1/2020
Baird,Blayne,Otterwell,botterwellt@bizjournals.com,a1mAW000001YXllYAG,90,10/9/2021
Baudoin,Cody,Segges,cseggesu@reuters.com,a1mAW000001YXiXYAW,115,1/27/2020
Laurie,Zora,Pawling,zpawlingv@wufoo.com,a1mAW000001YXllYAG,77,5/13/2021
Roby,Leda,Nisco,lniscow@tinyurl.com,a1mAW000001YXk9YAG,104,12/14/2021
Beale,Dominik,Aindriu,daindriux@indiatimes.com,a1mAW000001YXnNYAW,30,1/18/2020
Lenci,Jessika,Paulou,jpaulouy@photobucket.com,a1mAW000001YXk9YAG,166,6/18/2021
Steven,Ruthanne,Werny,rwernyz@abc.net.au,a1mAW000001YXllYAG,154,11/10/2019
Skippy,Lionello,Manhare,lmanhare10@google.co.jp,a1mAW000001YXllYAG,36,6/13/2022
Sileas,Isiahi,Wildgoose,iwildgoose11@deviantart.com,a1mAW000001YXllYAG,60,10/3/2019
Susana,Tabbitha,Diben,tdiben12@latimes.com,a1mAW000001YXllYAG,173,3/23/2023
Myrwyn,Katrinka,Brimilcombe,kbrimilcombe13@freewebs.com,a1mAW000001YXnNYAW,78,10/31/2019
Celestyn,Bibby,Troubridge,btroubridge14@csmonitor.com,a1mAW000001YXnNYAW,63,7/17/2022
Cornie,Hali,Ritmeyer,hritmeyer15@microsoft.com,a1mAW000001YXllYAG,69,11/14/2020
Kirbie,Tanner,Krollman,tkrollman16@sina.com.cn,a1mAW000001YXk9YAG,48,11/7/2020
Saunderson,Hillary,Rizzardi,hrizzardi17@narod.ru,a1mAW000001YXnNYAW,190,3/8/2020
Jarret,Loretta,Pluvier,lpluvier18@sbwire.com,a1mAW000001YXnNYAW,94,3/23/2023
Orville,Micki,Jarvie,mjarvie19@vistaprint.com,a1mAW000001YXk9YAG,70,12/12/2021
Zachary,Way,Campanelle,wcampanelle1a@cnet.com,a1mAW000001YXnNYAW,42,11/17/2019
Raffaello,Lesli,Kertess,lkertess1b@theglobeandmail.com,a1mAW000001YXiXYAW,87,1/22/2023
Callie,Neely,Eddisford,neddisford1c@goodreads.com,a1mAW000001YXk9YAG,105,1/8/2022
Lowrance,Zorah,Eschalotte,zeschalotte1d@microsoft.com,a1mAW000001YXllYAG,188,5/4/2023
Ilario,Findlay,Atyeo,fatyeo1e@t.co,a1mAW000001YXiXYAW,89,10/7/2022
Renato,Nancy,Gilardi,ngilardi1f@blog.com,a1mAW000001YXiXYAW,155,5/3/2019
Felicity,Daphne,Kubin,dkubin1g@gizmodo.com,a1mAW000001YXiXYAW,65,9/28/2019
Stewart,Wilburt,Stearne,wstearne1h@altervista.org,a1mAW000001YXiXYAW,25,1/3/2019
Janenna,Murdock,Broszkiewicz,mbroszkiewicz1i@princeton.edu,a1mAW000001YXnNYAW,22,2/4/2023
Zachariah,Rosabel,Giraldon,rgiraldon1j@elegantthemes.com,a1mAW000001YXiXYAW,97,8/18/2020
Abey,Milissent,Peeters,mpeeters1k@irs.gov,a1mAW000001YXk9YAG,115,3/22/2023
Vicky,Fionnula,Offell,foffell1l@paginegialle.it,a1mAW000001YXnNYAW,60,7/22/2021
Carey,Rodrick,Tooher,rtooher1m@fc2.com,a1mAW000001YXnNYAW,34,6/6/2020
Marjory,Peggie,Kenderdine,pkenderdine1n@technorati.com,a1mAW000001YXiXYAW,171,4/7/2019
Katy,Tallia,Hupka,thupka1o@delicious.com,a1mAW000001YXiXYAW,188,8/29/2021
Marylou,Merridie,de Merida,mdemerida1p@uol.com.br,a1mAW000001YXk9YAG,32,10/14/2021
Thane,Haily,Maleby,hmaleby1q@cyberchimps.com,a1mAW000001YXk9YAG,184,1/17/2020
Quincey,Ekaterina,Tatlock,etatlock1r@netlog.com,a1mAW000001YXllYAG,21,12/14/2020
Boycie,Kai,Verrier,kverrier1s@w3.org,a1mAW000001YXllYAG,119,4/28/2021
Concettina,Moishe,Roscamps,mroscamps1t@feedburner.com,a1mAW000001YXllYAG,101,3/25/2019
Trenton,Rudie,Addeycott,raddeycott1u@gizmodo.com,a1mAW000001YXllYAG,79,12/1/2020
Frederich,Candace,Themann,cthemann1v@wordpress.org,a1mAW000001YXnNYAW,122,4/6/2020
Marcellus,Amelina,Colaco,acolaco1w@chronoengine.com,a1mAW000001YXiXYAW,105,9/9/2019
Dru,Karrie,Hannant,khannant1x@gravatar.com,a1mAW000001YXllYAG,135,2/28/2023
Nannie,Blair,Po,bpo1y@ocn.ne.jp,a1mAW000001YXnNYAW,41,7/5/2020
Peter,Ravi,Abberley,rabberley1z@google.es,a1mAW000001YXiXYAW,191,4/12/2023
Giulia,Ynez,McKane,ymckane20@godaddy.com,a1mAW000001YXllYAG,179,12/16/2020
Fayina,Isaak,Walkowski,iwalkowski21@linkedin.com,a1mAW000001YXnNYAW,61,3/24/2020
Mame,Timothea,MacAne,tmacane22@issuu.com,a1mAW000001YXk9YAG,122,11/6/2020
Brocky,Rafael,Collin,rcollin23@istockphoto.com,a1mAW000001YXk9YAG,134,4/12/2023
Kalvin,Pascale,Andrei,pandrei24@qq.com,a1mAW000001YXiXYAW,57,11/5/2019
Liana,Cissy,McPhater,cmcphater25@opensource.org,a1mAW000001YXk9YAG,87,11/12/2019
Cedric,Gail,Heninghem,gheninghem26@eventbrite.com,a1mAW000001YXiXYAW,53,6/28/2019
Kiley,Anneliese,Malitrott,amalitrott27@washington.edu,a1mAW000001YXnNYAW,80,8/10/2019
Burlie,Viviyan,Garey,vgarey28@mapquest.com,a1mAW000001YXnNYAW,155,7/23/2020
Ofilia,Amara,Kleinstub,akleinstub29@arstechnica.com,a1mAW000001YXnNYAW,98,12/20/2019
Rhoda,Shannon,McGerr,smcgerr2a@1688.com,a1mAW000001YXnNYAW,176,6/4/2019
Rodi,Elayne,Patzelt,epatzelt2b@symantec.com,a1mAW000001YXnNYAW,175,3/22/2019
Mayne,Gizela,Stockhill,gstockhill2c@cnet.com,a1mAW000001YXnNYAW,49,7/24/2021
Maegan,Corrianne,McEvon,cmcevon2d@csmonitor.com,a1mAW000001YXk9YAG,162,9/6/2022
Evvie,Rodina,Thursfield,rthursfield2e@mail.ru,a1mAW000001YXiXYAW,88,2/20/2019
Andromache,Turner,Golly,tgolly2f@ihg.com,a1mAW000001YXk9YAG,73,2/7/2023
Ruthy,Kay,Harnor,kharnor2g@t-online.de,a1mAW000001YXnNYAW,197,7/10/2019
Albert,Redd,Hopkins,rhopkins2h@mit.edu,a1mAW000001YXiXYAW,49,8/30/2021
Eberhard,Marina,Deverick,mdeverick2i@businessinsider.com,a1mAW000001YXllYAG,10,9/29/2022
Kris,Renell,Langmuir,rlangmuir2j@chronoengine.com,a1mAW000001YXiXYAW,56,7/11/2019
Fay,Keir,Withur,kwithur2k@gnu.org,a1mAW000001YXk9YAG,156,8/10/2021
Early,Izaak,Doncom,idoncom2l@soup.io,a1mAW000001YXnNYAW,196,12/27/2020
Alma,Shannen,Binch,sbinch2m@whitehouse.gov,a1mAW000001YXllYAG,108,1/2/2023
Jeremiah,Reiko,Nice,rnice2n@wikispaces.com,a1mAW000001YXiXYAW,49,1/8/2022
Lela,Cortie,Croxford,ccroxford2o@ox.ac.uk,a1mAW000001YXnNYAW,69,12/29/2022
Raynell,Rudolph,Thorp,rthorp2p@sourceforge.net,a1mAW000001YXiXYAW,55,11/7/2022
Betta,Amalee,Sansam,asansam2q@shop-pro.jp,a1mAW000001YXllYAG,67,1/20/2019
Stavros,Kalina,McCarrell,kmccarrell2r@latimes.com,a1mAW000001YXnNYAW,72,12/21/2020
Dennis,Joel,Mozzi,jmozzi2s@chron.com,a1mAW000001YXiXYAW,157,2/18/2021
Chlo,Victoria,Faircloth,vfaircloth2t@time.com,a1mAW000001YXnNYAW,20,11/12/2021
Alphard,Gran,Caitlin,gcaitlin2u@joomla.org,a1mAW000001YXllYAG,15,12/17/2022
Broddy,Marabel,Keer,mkeer2v@google.de,a1mAW000001YXiXYAW,127,1/21/2022
Elden,Nye,Hallbord,nhallbord2w@bloglines.com,a1mAW000001YXiXYAW,143,1/8/2023
Sheela,Bernadene,Keyes,bkeyes2x@amazon.co.uk,a1mAW000001YXiXYAW,60,1/21/2019
Ginnifer,Dinny,Kennermann,dkennermann2y@google.co.jp,a1mAW000001YXnNYAW,151,1/21/2021
Jarvis,Nerissa,Veque,nveque2z@cocolog-nifty.com,a1mAW000001YXiXYAW,191,10/12/2020
Ricki,Joseito,Allott,jallott30@tmall.com,a1mAW000001YXk9YAG,127,6/7/2021
Bondon,Harri,Traher,htraher31@msn.com,a1mAW000001YXllYAG,6,3/30/2021
Alix,Carmine,Bordessa,cbordessa32@un.org,a1mAW000001YXnNYAW,51,7/5/2019
Portia,Albertina,Strelitzki,astrelitzki33@weather.com,a1mAW000001YXllYAG,34,4/5/2021
Ronica,Rubia,Husselbee,rhusselbee34@facebook.com,a1mAW000001YXiXYAW,77,3/22/2020
Hymie,Joshia,Denecamp,jdenecamp35@paypal.com,a1mAW000001YXk9YAG,194,11/2/2022
Elita,Kippie,Bengtson,kbengtson36@unc.edu,a1mAW000001YXk9YAG,30,4/30/2021
Gilbertina,Tanny,Pashby,tpashby37@microsoft.com,a1mAW000001YXllYAG,63,11/12/2022
Madonna,Celene,Lathleiff,clathleiff38@1688.com,a1mAW000001YXiXYAW,148,3/8/2021
Kyle,Carmel,Dobrovolski,cdobrovolski39@ask.com,a1mAW000001YXnNYAW,3,6/11/2020
Sean,Melamie,Bankes,mbankes3a@google.es,a1mAW000001YXllYAG,44,2/13/2019
Ludovika,Georgine,McPhillimey,gmcphillimey3b@tinypic.com,a1mAW000001YXllYAG,168,1/1/2019
Ingamar,Pryce,Warrington,pwarrington3c@usa.gov,a1mAW000001YXiXYAW,25,1/22/2021
Martin,Lindi,Nix,lnix3d@aboutads.info,a1mAW000001YXk9YAG,168,1/23/2023
Windham,Marchelle,Dupoy,mdupoy3e@google.it,a1mAW000001YXnNYAW,197,7/5/2022
Carrissa,Jo-ann,Kail,jkail3f@aboutads.info,a1mAW000001YXk9YAG,33,12/9/2021
Marlyn,Suzie,Leagas,sleagas3g@springer.com,a1mAW000001YXnNYAW,153,5/10/2019
Frankie,Jehanna,Heers,jheers3h@uiuc.edu,a1mAW000001YXnNYAW,63,3/26/2019
Gunar,Pia,Lancetter,plancetter3i@bing.com,a1mAW000001YXnNYAW,61,3/27/2021
Morgun,Sherie,Boom,sboom3j@paypal.com,a1mAW000001YXk9YAG,148,9/6/2019
Aurel,Edd,Bowring,ebowring3k@globo.com,a1mAW000001YXiXYAW,102,3/5/2019
Kendricks,Ciel,Ricca,cricca3l@nsw.gov.au,a1mAW000001YXiXYAW,198,12/17/2022
Crichton,Charisse,Kunrad,ckunrad3m@hud.gov,a1mAW000001YXllYAG,177,2/20/2020
Andrey,Krissie,Knowlson,kknowlson3n@diigo.com,a1mAW000001YXnNYAW,46,2/16/2019
Adorne,Holmes,Kreutzer,hkreutzer3o@hud.gov,a1mAW000001YXnNYAW,99,12/7/2020
Dione,Zaria,Kaye,zkaye3p@cbslocal.com,a1mAW000001YXiXYAW,53,12/5/2021
Royce,Johnna,Lytle,jlytle3q@free.fr,a1mAW000001YXllYAG,32,2/23/2020
Reinwald,Kordula,Leppard,kleppard3r@flavors.me,a1mAW000001YXnNYAW,50,1/16/2019
Martguerita,Rhianon,Ewer,rewer3s@unesco.org,a1mAW000001YXnNYAW,123,7/26/2022
Jareb,Joli,Ferrucci,jferrucci3t@free.fr,a1mAW000001YXnNYAW,18,2/24/2019
Esme,Clementia,Ferry,cferry3u@xinhuanet.com,a1mAW000001YXnNYAW,18,4/17/2022
Dyna,Artemus,Snufflebottom,asnufflebottom3v@aol.com,a1mAW000001YXiXYAW,53,9/16/2021
Morly,Gregg,Lerner,glerner3w@goo.gl,a1mAW000001YXllYAG,107,2/16/2023
Dede,Jennilee,Egle of Germany,jegleofgermany3x@engadget.com,a1mAW000001YXnNYAW,160,9/7/2019
Gamaliel,Nyssa,Sea,nsea3y@engadget.com,a1mAW000001YXk9YAG,57,10/23/2020
Emelina,Billi,Chadd,bchadd3z@mit.edu,a1mAW000001YXnNYAW,125,5/30/2020
Lorin,Lombard,Bernhardi,lbernhardi40@a8.net,a1mAW000001YXk9YAG,80,9/18/2019
Hayward,Fancie,Ambrogini,fambrogini41@cnn.com,a1mAW000001YXllYAG,125,4/25/2019
Farlay,Vikki,Bohden,vbohden42@reverbnation.com,a1mAW000001YXllYAG,161,12/10/2022
Dillon,Marianne,Louisot,mlouisot43@dedecms.com,a1mAW000001YXnNYAW,179,9/16/2022
Aeriel,Abagael,Scahill,ascahill44@mediafire.com,a1mAW000001YXk9YAG,186,10/19/2022
Brooke,Marley,Daubeny,mdaubeny45@gizmodo.com,a1mAW000001YXk9YAG,36,4/12/2022
Tobi,Mitzi,Oliveras,moliveras46@unesco.org,a1mAW000001YXllYAG,40,4/26/2022
Derek,Mureil,Farren,mfarren47@mapquest.com,a1mAW000001YXk9YAG,67,9/24/2021
Elnora,Kleon,Ricoald,kricoald48@smugmug.com,a1mAW000001YXiXYAW,102,9/30/2019
Giovanna,Miles,Legerwood,mlegerwood49@shutterfly.com,a1mAW000001YXnNYAW,22,5/29/2019
Minette,Cesaro,Morrill,cmorrill4a@foxnews.com,a1mAW000001YXllYAG,112,5/7/2023
Osborne,Sterling,Gladeche,sgladeche4b@dedecms.com,a1mAW000001YXnNYAW,43,7/11/2019
Danny,Jacki,McCloughen,jmccloughen4c@ucsd.edu,a1mAW000001YXllYAG,13,10/23/2020
Terese,Randy,Vossing,rvossing4d@go.com,a1mAW000001YXnNYAW,139,12/30/2022
Kelcey,Edyth,Yurinov,eyurinov4e@alibaba.com,a1mAW000001YXk9YAG,48,7/9/2019
Frannie,Kort,Corsor,kcorsor4f@vkontakte.ru,a1mAW000001YXllYAG,93,5/23/2022
Kristofer,Thaddus,Ditchfield,tditchfield4g@cisco.com,a1mAW000001YXllYAG,100,11/16/2020
Bald,Andrei,Fakeley,afakeley4h@ifeng.com,a1mAW000001YXiXYAW,147,1/22/2020
Emmalynn,Hermon,Wiszniewski,hwiszniewski4i@amazonaws.com,a1mAW000001YXk9YAG,39,3/30/2020
Blanch,Dorice,Duly,dduly4j@boston.com,a1mAW000001YXiXYAW,13,1/7/2020
Augustina,Grayce,Bunten,gbunten4k@boston.com,a1mAW000001YXllYAG,43,6/25/2019
Delores,Sampson,Taree,staree4l@ustream.tv,a1mAW000001YXiXYAW,183,1/5/2019
Paulie,Traver,Gounod,tgounod4m@biblegateway.com,a1mAW000001YXk9YAG,169,9/24/2022
Cathy,Tedmund,Notti,tnotti4n@wiley.com,a1mAW000001YXiXYAW,79,11/19/2022
Rodrique,Carver,Boothman,cboothman4o@dagondesign.com,a1mAW000001YXnNYAW,34,4/17/2022
Nahum,Doreen,Crinson,dcrinson4p@dmoz.org,a1mAW000001YXk9YAG,131,11/13/2022
Deana,Hedvige,Stokell,hstokell4q@bandcamp.com,a1mAW000001YXllYAG,72,11/10/2022
Ronnie,Seana,Rykert,srykert4r@reverbnation.com,a1mAW000001YXllYAG,157,7/30/2022
Adelle,Sawyere,Dalling,sdalling4s@acquirethisname.com,a1mAW000001YXllYAG,196,8/28/2021
Sullivan,Odessa,Buncombe,obuncombe4t@istockphoto.com,a1mAW000001YXiXYAW,82,9/10/2019
Sauveur,Audry,Arnson,aarnson4u@twitpic.com,a1mAW000001YXiXYAW,180,6/28/2019
Wenona,Melessa,Kember,mkember4v@arstechnica.com,a1mAW000001YXk9YAG,76,2/4/2021
Sabine,Aarika,Beeton,abeeton4w@gizmodo.com,a1mAW000001YXk9YAG,97,7/23/2022
Ignacio,Timi,Tees,ttees4x@narod.ru,a1mAW000001YXiXYAW,141,12/9/2022
Morty,Albertine,Kyteley,akyteley4y@nhs.uk,a1mAW000001YXllYAG,77,6/20/2020
Neal,Sybyl,Eadington,seadington4z@prweb.com,a1mAW000001YXiXYAW,57,6/19/2020
Ezechiel,Baron,Maymond,bmaymond50@theglobeandmail.com,a1mAW000001YXnNYAW,105,11/3/2022
Stephanus,Tiena,Radoux,tradoux51@cbc.ca,a1mAW000001YXk9YAG,56,5/18/2022
Gaby,Manuel,Goodsal,mgoodsal52@ifeng.com,a1mAW000001YXiXYAW,42,4/25/2019
Melamie,Gerrard,Berggren,gberggren53@godaddy.com,a1mAW000001YXnNYAW,165,5/6/2021
Row,Arnaldo,Sebert,asebert54@google.co.uk,a1mAW000001YXllYAG,131,8/7/2022
Jeremias,Evin,Latimer,elatimer55@bluehost.com,a1mAW000001YXnNYAW,55,9/7/2021
Tedman,Kingston,Ocheltree,kocheltree56@reuters.com,a1mAW000001YXllYAG,175,4/25/2019
Aura,Giffard,Chettoe,gchettoe57@amazon.co.jp,a1mAW000001YXllYAG,154,7/17/2020
Shanna,Nicolina,Largent,nlargent58@washington.edu,a1mAW000001YXk9YAG,13,2/11/2023
Bobinette,Feliza,Cramer,fcramer59@sitemeter.com,a1mAW000001YXiXYAW,51,10/9/2020
Dorthy,Hermann,Jacombs,hjacombs5a@prnewswire.com,a1mAW000001YXllYAG,27,7/21/2020
Hube,Tina,Bartke,tbartke5b@barnesandnoble.com,a1mAW000001YXk9YAG,30,3/28/2021
Maible,Noreen,Apfel,napfel5c@163.com,a1mAW000001YXk9YAG,103,6/12/2022
Allyn,Auroora,Wiggin,awiggin5d@themeforest.net,a1mAW000001YXiXYAW,55,1/16/2023
Teodora,Humphrey,Bonifazio,hbonifazio5e@dion.ne.jp,a1mAW000001YXllYAG,191,5/16/2021
Wilhelmina,Clarabelle,Baldacchi,cbaldacchi5f@usgs.gov,a1mAW000001YXllYAG,146,5/15/2019
Alysia,Cacilie,Moggach,cmoggach5g@cyberchimps.com,a1mAW000001YXnNYAW,42,9/6/2022
Sarita,Shelton,Sudworth,ssudworth5h@abc.net.au,a1mAW000001YXllYAG,43,3/16/2023
Lina,Lauretta,Shemmin,lshemmin5i@smh.com.au,a1mAW000001YXiXYAW,167,5/12/2019
Etan,Heath,Stanfield,hstanfield5j@dailymotion.com,a1mAW000001YXiXYAW,164,6/9/2022
,,Telefónica,telefonica@test.com,a1mAW000001YXozYAG,,2022-10-30
,,Vodafone,vodafone@test.com,a1mAW000001YXozYAG,,2023-12-01
,,Orange,orange@test.com,a1mAW000001YXozYAG,,2024-01-15
,,Repsol,repsol@test.com,a1mAW000001YXqbYAG,,2024-02-28
,,Iberdrola,iberdrola@test.com,a1mAW000001YXqbYAG,,2024-03-31
,,Feder,feder@test.com,a1mAW000001YXsDYAW,,2024-04-30
,,Cruz Roja,cr@test.com,a1mAW000001YXsDYAW,,2024-05-31
,,Rett Syndrome Europe,rse@test.com,a1mAW000001YXsDYAW,,2024-06-30
,,Institut Guttmann,ig@test.com,a1mAW000001YXtpYAG,,2024-07-31
,,Mountain Peak Enterprises,kshoveller0@mail.ru,a1mAW000001YXllYAG,,13/05/2023
,,Silver Lining Inc.,gvanbrug1@cbc.ca,a1mAW000001YXllYAG,,26/11/2022
,,Widget Industries,smatusovsky2@dyndns.org,a1mAW000001YXllYAG,,26/12/2019
,,Widget Industries,chuffadine3@businesswire.com,a1mAW000001YXtpYAG,,04/06/2019
,,Ocean Blue Corporation,gdunkerley4@bloglovin.com,a1mAW000001YXtpYAG,,08/06/2020
,,Sunshine Enterprises,ctuff5@uiuc.edu,a1mAW000001YXllYAG,,17/10/2021
,,Silver Lining Inc.,jsummerton6@sbwire.com,a1mAW000001YXtpYAG,,20/04/2021
,,Ocean Blue Corporation,onansom7@go.com,a1mAW000001YXtpYAG,,27/03/2020
,,Acme Corporation,ldunnan8@creativecommons.org,a1mAW000001YXtpYAG,,07/07/2022
,,Ocean Blue Corporation,wmacarthur9@networksolutions.com,a1mAW000001ZObZYAW,,10/03/2021
,,Sunshine Enterprises,klalleya@census.gov,a1mAW000001YXsDYAW,,09/01/2021
,,Moonbeam Co.,smcsparranb@yellowpages.com,a1mAW000001YXsDYAW,,23/04/2020
,,Mountain Peak Enterprises,icarneyc@skyrock.com,a1mAW000001YXsDYAW,,06/01/2019
,,Widget Industries,bthomassind@sakura.ne.jp,a1mAW000001YXsDYAW,,09/09/2021
,,Starlight Solutions,kdighthame@shareasale.com,a1mAW000001YXsDYAW,,15/06/2019
,,Widget Industries,mblaineyf@theguardian.com,a1mAW000001YXsDYAW,,20/12/2019
,,Widget Industries,hbiffing@csmonitor.com,a1mAW000001YXsDYAW,,13/08/2019
,,Sunshine Enterprises,jcroneyh@discovery.com,a1mAW000001YXllYAG,,03/03/2021
,,Silver Lining Inc.,jkonzeli@berkeley.edu,a1mAW000001YXllYAG,,06/04/2024
,,Widget Industries,lrobberechtj@webmd.com,a1mAW000001YXllYAG,,17/04/2022